{
    "a_x": 3.6882695539135852,
    "a_y": 0,
    "v_x": 241.52134785428586,
    "v_y": 0
}